LM_Weight,Unit_BLEU
0.0,8.883355890146095
0.2,8.96565792305686
0.4,8.245393805115402
0.6,5.719940931482118
0.8,8.401686981186048
