LM_Weight,Unit_BLEU
0.0,4.269483284210921
0.2,5.056118605791321
0.4,4.218984590988178
0.6,5.237785686535677
0.8,4.25071976895715
