LM_Weight,Unit_BLEU
0.0,12.101674084698717
0.2,13.917582723015311
0.4,13.857202326891812
0.6,19.504356295398157
0.8,1.1768274860276893
