LM_Weight,Unit_BLEU
0.0,1.725033557610253
0.2,11.223800618487475
0.4,5.3904716536491355
0.6,1.9127784411280786
0.8,1.3487302959163794
